case_id,layer,risk_cluster,primary_diagram,primary_anchor,supporting_diagrams,invariant_ids,gold_ids,review_status,implementation_status
USR-P0-01,product,RC-PRODUCT-ENTRY,RF-UML-UC-CAND-01,SAFE_SYNTHETIC_DEMO,RF-UML-CTX-SYS-01;RF-UML-DEP-M0-01;RF-UML-CMP-M0-01,,GOLD-01,ACCEPTED,NOT_VERIFIED
USR-P0-02,product,RC-PRODUCT-ENTRY,RF-UML-ACT-ONB-01,WORKSPACE_ONBOARDING,,,GOLD-02,ACCEPTED,NOT_VERIFIED
USR-P0-03,product,RC-HISTORY-DEDUP,RF-UML-ACT-IMPORT-01,HISTORY_DECLARED,RF-UML-SEQ-IMPORT-01;RF-UML-SM-APP-01;RF-UML-CD-JOB-01,,GOLD-03,ACCEPTED,NOT_VERIFIED
USR-P0-04,product,RC-PLATFORM-COMPLIANCE,RF-UML-UC-EXT-01,UNSUPPORTED_HONEST_DEGRADATION,RF-UML-CMP-EXT-01;RF-UML-SEC-BOUNDARY-01;RF-UML-ACT-AUTH-01,,GOLD-04,ACCEPTED,NOT_VERIFIED
ONB-P0-01,product,RC-ONBOARDING,RF-UML-ACT-ONB-01,ONBOARDING_REQUIRED_CONFIG,RF-UML-SM-WS-01,,,ACCEPTED,NOT_VERIFIED
ONB-P0-02,product,RC-ONBOARDING,RF-UML-ACT-ONB-01,ONBOARDING_CHECKPOINT_RESUME,RF-UML-SM-WS-01,,,ACCEPTED,NOT_VERIFIED
ONB-P0-03,product,RC-ONBOARDING,RF-UML-SEQ-ONB-01,CONNECTOR_CONSENT,,,,ACCEPTED,NOT_VERIFIED
ONB-P0-04,product,RC-ONBOARDING,RF-UML-SM-RUN-01,RUNTIME_CAPABILITY_MATRIX,RF-UML-SEQ-OFF-01;RF-UML-CMP-TARGET-01;RF-UML-SEQ-ONB-01,,,ACCEPTED,NOT_VERIFIED
ONB-P0-05,product,RC-ONBOARDING,RF-UML-ACT-CAL-01,L3_CALIBRATION,RF-UML-SM-POL-01;RF-UML-SM-POLVER-01;RF-UML-UC-AUTH-01;RF-UML-CD-AUTH-01,,,ACCEPTED,NOT_VERIFIED
ONB-P0-06,product,RC-DATA-LIFECYCLE,RF-UML-SEQ-DATA-01,ONBOARDING_ABANDON_DELETION_BINDING,RF-UML-ACT-ONB-01;RF-UML-ACT-DELETE-01;RF-UML-SM-DAT-01;RF-UML-CD-AUTH-01;RF-UML-CMP-TARGET-01;RF-UML-SEC-CRED-01;RF-UML-SEQ-KILL-01,INV-02;INV-04;INV-05;INV-12,,ACCEPTED,NOT_VERIFIED
EVD-P0-01,product,RC-EVIDENCE,RF-UML-ACT-ONB-01,EVIDENCE_THREE_WAY_CONFIRMATION,RF-UML-SM-EVD-01;RF-UML-CD-EVD-01,INV-01,,ACCEPTED,NOT_VERIFIED
EVD-P0-02,product,RC-EVIDENCE,RF-UML-ACT-ONB-01,PARSE,,,,ACCEPTED,NOT_VERIFIED
EVD-P0-03,product,RC-EVIDENCE,RF-UML-ACT-ONB-01,EVIDENCE_CONFLICT_USER_RESOLUTION,RF-UML-SM-EVD-01;RF-UML-CD-EVD-01;RF-UML-ACT-MAT-01,INV-01,GOLD-05,ACCEPTED,NOT_VERIFIED
EVD-P0-04,product,RC-EVIDENCE,RF-UML-ACT-MAT-01,LOCAL_ONLY_ZERO_DISCLOSURE,RF-UML-SM-EVD-01;RF-UML-CD-EVD-01,INV-01,,ACCEPTED,NOT_VERIFIED
EVD-P0-05,product,RC-EVIDENCE,RF-UML-ACT-MAT-01,MATERIAL_EVIDENCE_GATE,RF-UML-CD-EVD-01;RF-UML-SM-MAT-01,INV-01,GOLD-06,ACCEPTED,NOT_VERIFIED
EVD-P0-06,product,RC-EVIDENCE,RF-UML-SM-EVD-01,EVIDENCE_INVALIDATION,RF-UML-CD-EVD-01;RF-UML-ACT-MAT-01,INV-03,,ACCEPTED,NOT_VERIFIED
POL-P0-01,product,RC-POLICY-AUTH,RF-UML-ACT-CAL-01,HARD_VS_PREFERENCE,RF-UML-CD-JOB-01;RF-UML-SM-JOB-01;RF-UML-SM-POL-01,,,ACCEPTED,NOT_VERIFIED
POL-P0-02,product,RC-POLICY-AUTH,RF-UML-ACT-CAL-01,POLICY_AMBIGUITY_BLOCK,RF-UML-SM-POL-01;RF-UML-SM-POLVER-01;RF-UML-UC-AUTH-01,,,ACCEPTED,NOT_VERIFIED
POL-P0-03,product,RC-POLICY-AUTH,RF-UML-CD-AUTH-01,AUTH_BINDINGS,RF-UML-SM-PLN-01;RF-UML-ACT-AUTH-01;RF-UML-REL-MUT-01,INV-02;INV-06,,ACCEPTED,NOT_VERIFIED
POL-P0-04,product,RC-POLICY-AUTH,RF-UML-SM-POLVER-01,POLICY_CHANGE_INVALIDATION,RF-UML-CD-AUTH-01;RF-UML-SEQ-KILL-01,INV-03,,ACCEPTED,NOT_VERIFIED
POL-P0-05,product,RC-POLICY-AUTH,RF-UML-ACT-AUTH-01,AUTH_EXPIRY_QUOTA_OUTCOME,RF-UML-CD-AUTH-01;RF-UML-SM-PLN-01;RF-UML-REL-MUT-01;RF-UML-SEQ-CONC-01,,,ACCEPTED,NOT_VERIFIED
POL-P0-06,product,RC-POLICY-AUTH,RF-UML-ACT-PAUSE-01,CONTROL_ORTHOGONAL,RF-UML-SEQ-KILL-01,INV-03;INV-09,GOLD-17,ACCEPTED,NOT_VERIFIED
JOB-P0-01,product,RC-JOB-PIPELINE,RF-UML-SEQ-DISC-01,JOB_SOURCE_TRACEABILITY,,,,ACCEPTED,NOT_VERIFIED
JOB-P0-02,product,RC-JOB-PIPELINE,RF-UML-ACT-IMPORT-01,DEDUP_REVIEW,RF-UML-SEQ-IMPORT-01;RF-UML-SM-APP-01;RF-UML-CD-JOB-01,,,ACCEPTED,NOT_VERIFIED
JOB-P0-03,product,RC-JOB-PIPELINE,RF-UML-ACT-JOB-01,JOB_FILTER_SCORE,,,,ACCEPTED,NOT_VERIFIED
JOB-P0-04,product,RC-JOB-PIPELINE,RF-UML-ACT-JOB-01,QUIET,,,,ACCEPTED,NOT_VERIFIED
JOB-P0-05,product,RC-JOB-PIPELINE,RF-UML-CD-JOB-01,JOB_VERSION_INVALIDATION,RF-UML-SM-JOB-01;RF-UML-ACT-IMPORT-01,INV-03,,ACCEPTED,NOT_VERIFIED
JOB-P0-06,product,RC-JOB-PIPELINE,RF-UML-SEQ-SEC-01,COMPANY_CONFLICT_GUARD,RF-UML-SEC-BOUNDARY-01;RF-UML-CMP-EXT-01,INV-11,,ACCEPTED,NOT_VERIFIED
MAT-P0-01,product,RC-MATERIALS,RF-UML-ACT-MAT-01,MATERIAL_SOURCE_FACT_INTEGRITY,RF-UML-CD-EVD-01;RF-UML-SM-MAT-01,INV-01,,ACCEPTED,NOT_VERIFIED
MAT-P0-02,product,RC-MATERIALS,RF-UML-ACT-MAT-01,L2_DIFF_PREVIEW,RF-UML-SM-MAT-01;RF-UML-SEQ-APPLY-01,,,ACCEPTED,NOT_VERIFIED
MAT-P0-03,product,RC-MATERIALS,RF-UML-ACT-MAT-01,MATERIAL_CONFIDENCE_CONTRADICTION_GATE,RF-UML-CD-EVD-01;RF-UML-SM-MAT-01,INV-01,,ACCEPTED,NOT_VERIFIED
MAT-P0-04,product,RC-MATERIALS,RF-UML-ACT-MAT-01,SCOPE,RF-UML-CD-EVD-01;RF-UML-SM-MAT-01,,,ACCEPTED,NOT_VERIFIED
ACT-P0-01,product,RC-EXTERNAL-MUTATION,RF-UML-SEQ-APPLY-01,PLAN_CREATED,RF-UML-CD-AUTH-01;RF-UML-SM-PLN-01;RF-UML-ACT-AUTH-01;RF-UML-REL-MUT-01,INV-02;INV-12,,ACCEPTED,NOT_VERIFIED
ACT-P0-02,product,RC-EXTERNAL-MUTATION,RF-UML-REL-MUT-01,MUTATION_PROTOCOL,RF-UML-SM-OPR-01;RF-UML-SEQ-OPR-01,INV-05,GOLD-07,ACCEPTED,NOT_VERIFIED
ACT-P0-03,product,RC-EXTERNAL-MUTATION,RF-UML-SEQ-OPR-02,OUTCOME_UNKNOWN_RECONCILE,RF-UML-SM-OPR-01;RF-UML-REL-MUT-01;RF-UML-ACT-AUTH-01,INV-04,GOLD-15,ACCEPTED,NOT_VERIFIED
ACT-P0-04,product,RC-EXTERNAL-MUTATION,RF-UML-ACT-AUTH-01,CONFIRMED_FAILURE_NEW_PLAN,RF-UML-SM-PLN-01;RF-UML-CD-AUTH-01;RF-UML-REL-MUT-01;RF-UML-SEQ-OPR-02,,,ACCEPTED,NOT_VERIFIED
ACT-P0-05,product,RC-EXTERNAL-MUTATION,RF-UML-ACT-AUTH-01,CAPABILITY_FAILURE_HANDOFF,RF-UML-SEQ-SEC-01;RF-UML-SEC-BOUNDARY-01;RF-UML-CMP-EXT-01;RF-UML-UC-EXT-01;RF-UML-SM-RUN-01;RF-UML-ACT-PAUSE-01,INV-10,,ACCEPTED,NOT_VERIFIED
ACT-P0-06,product,RC-EXTERNAL-MUTATION,RF-UML-SEQ-OPR-02,OUTCOME_UNKNOWN_RECONCILE,RF-UML-SM-OPR-01;RF-UML-REL-MUT-01,INV-05,,ACCEPTED,NOT_VERIFIED
EXC-P0-01,product,RC-FOLLOWUP,RF-UML-ACT-FUP-01,FOLLOWUP_ONCE,RF-UML-SEQ-FUP-01;RF-UML-SM-MSG-01,,GOLD-08,ACCEPTED,NOT_VERIFIED
EXC-P0-02,product,RC-MESSAGING,RF-UML-ACT-MSG-01,ANSWER_PREAUTH,RF-UML-SEQ-MSG-01;RF-UML-SM-MSG-01;RF-UML-CD-COM-01,INV-01,GOLD-07;GOLD-09,ACCEPTED,NOT_VERIFIED
EXC-P0-03,product,RC-MESSAGING-EXCEPTION,RF-UML-ACT-MSG-01,SENSITIVE_WHOLE_MESSAGE_HANDOFF,RF-UML-ACT-EXC-01;RF-UML-SM-EXC-01;RF-UML-SEQ-MSG-01,INV-10,GOLD-10,ACCEPTED,NOT_VERIFIED
EXC-P0-04,product,RC-UNTRUSTED-CONTENT,RF-UML-ACT-MSG-01,MESSAGE_INTENT,RF-UML-SEQ-MSG-01;RF-UML-SM-MSG-01;RF-UML-SEQ-SEC-01;RF-UML-SEC-BOUNDARY-01;RF-UML-CMP-EXT-01,INV-11,GOLD-19,ACCEPTED,NOT_VERIFIED
EXC-P0-05,product,RC-MESSAGING-EXCEPTION,RF-UML-SM-MSG-01,MESSAGE_STOP_CONTACT,RF-UML-CD-COM-01;RF-UML-ACT-MSG-01;RF-UML-ACT-FUP-01;RF-UML-SM-APP-01,,,ACCEPTED,NOT_VERIFIED
EXC-P0-06,product,RC-MESSAGING-EXCEPTION,RF-UML-ACT-EXC-01,EXCEPTION_LIFECYCLE,RF-UML-SM-EXC-01;RF-UML-CD-COM-01,,,ACCEPTED,NOT_VERIFIED
EXC-P0-07,product,RC-MESSAGING-EXCEPTION,RF-UML-ACT-EXC-01,CHOICE,,,,ACCEPTED,NOT_VERIFIED
EXC-P0-08,product,RC-MESSAGING-EXCEPTION,RF-UML-ACT-EXC-01,EXCEPTION_HIGH_RISK_FAIL_CLOSED,RF-UML-SM-EXC-01;RF-UML-ACT-PAUSE-01;RF-UML-SM-RUN-01;RF-UML-SEQ-NOT-01,,,ACCEPTED,NOT_VERIFIED
INT-P0-01,product,RC-INTERVIEW,RF-UML-SEQ-INT-01,INTERVIEW_READINESS,RF-UML-ACT-INT-01;RF-UML-SM-INT-01;RF-UML-SM-SAGA-01;RF-UML-REL-SAGA-01,INV-07,GOLD-07;GOLD-11,ACCEPTED,NOT_VERIFIED
INT-P0-02,product,RC-INTERVIEW,RF-UML-ACT-INT-01,RULE,RF-UML-SM-INT-01;RF-UML-CD-COM-01;RF-UML-SEQ-INT-01;RF-UML-SEQ-MSG-01,,GOLD-12,ACCEPTED,NOT_VERIFIED
INT-P0-03,product,RC-INTERVIEW,RF-UML-ACT-INT-01,EXACT,RF-UML-SM-INT-01;RF-UML-SEQ-INT-01;RF-UML-SEQ-MSG-01;RF-UML-CD-DOM-01,,,ACCEPTED,NOT_VERIFIED
INT-P0-04,product,RC-INTERVIEW,RF-UML-SEQ-INT-02,INTERVIEW_PARTIAL_COMPENSATE,RF-UML-SM-INT-01;RF-UML-SM-SAGA-01;RF-UML-REL-SAGA-01,INV-07,GOLD-13;GOLD-14,ACCEPTED,NOT_VERIFIED
INT-P0-05,product,RC-NOTIFICATION,RF-UML-SEQ-INT-01,INTERVIEW_BOTH_SUCCEEDED,RF-UML-ACT-INT-01;RF-UML-SM-INT-01;RF-UML-SM-NOT-01;RF-UML-SEQ-NOT-01;RF-UML-CD-COM-01,INV-07,,ACCEPTED,NOT_VERIFIED
INT-P0-06,product,RC-NOTIFICATION,RF-UML-SM-NOT-01,NOTIFICATION_LIFECYCLE,RF-UML-SEQ-NOT-01;RF-UML-CD-COM-01;RF-UML-SM-INT-01,,,ACCEPTED,NOT_VERIFIED
INT-P0-07,product,RC-INTERVIEW-CHANGE,RF-UML-SEQ-INT-CHANGE-01,INTERVIEW_CHANGE_DETECTED,RF-UML-ACT-INTCHANGE-01;RF-UML-SM-INT-01;RF-UML-CD-COM-01,,,ACCEPTED,NOT_VERIFIED
INT-P0-08,product,RC-INTERVIEW-CHANGE,RF-UML-SEQ-INT-CHANGE-01,INTERVIEW_CHANGE_IDEMPOTENT_IDENTITY,RF-UML-SM-INT-01;RF-UML-CD-COM-01;RF-UML-SEQ-MSG-01,,,ACCEPTED,NOT_VERIFIED
OFF-P0-01,product,RC-RUNTIME-RECOVERY,RF-UML-ACT-OFF-01,OFFLINE_GAP,RF-UML-SM-RUN-01;RF-UML-SEQ-OFF-01,,,ACCEPTED,NOT_VERIFIED
OFF-P0-02,product,RC-RUNTIME-RECOVERY,RF-UML-ACT-OFF-01,RUNNER_OFFLINE_ORIGINAL_AUTHORITY,RF-UML-SEQ-OFF-01;RF-UML-SM-RUN-01;RF-UML-SM-PLN-01;RF-UML-SM-EXC-01;RF-UML-CMP-TARGET-01,,,ACCEPTED,NOT_VERIFIED
OFF-P0-03,product,RC-RUNTIME-RECOVERY,RF-UML-SEQ-OFF-01,OFFLINE_CATCHUP,RF-UML-SM-RUN-01;RF-UML-ACT-OFF-01,INV-09,GOLD-16,ACCEPTED,NOT_VERIFIED
OFF-P0-04,product,RC-RUNTIME-RECOVERY,RF-UML-SEQ-AUTH-TIME-01,STALE_UI_TRUSTED_TIME,RF-UML-ACT-OFF-01;RF-UML-SM-RUN-01;RF-UML-CD-DOM-01,,,ACCEPTED,NOT_VERIFIED
OFF-P0-05,product,RC-RUNTIME-RECOVERY,RF-UML-SEQ-DR-01,DR_REAUTH_RECONCILE,RF-UML-SM-DAT-01;RF-UML-DEP-LOCAL-01,INV-09,GOLD-20,ACCEPTED,NOT_VERIFIED
A11Y-P0-01,product,RC-ACCESSIBILITY-LOCALE,RF-UML-ACT-A11Y-01,KEYBOARD,RF-UML-UC-CAND-01;RF-UML-CD-DOM-01,,,ACCEPTED,NOT_VERIFIED
A11Y-P0-02,product,RC-ACCESSIBILITY-LOCALE,RF-UML-ACT-A11Y-01,READER,RF-UML-UC-CAND-01;RF-UML-CD-DOM-01,,,ACCEPTED,NOT_VERIFIED
A11Y-P0-03,product,RC-ACCESSIBILITY-LOCALE,RF-UML-ACT-A11Y-01,VISUAL,RF-UML-UC-CAND-01;RF-UML-CD-DOM-01,,,ACCEPTED,NOT_VERIFIED
A11Y-P0-04,product,RC-ACCESSIBILITY-LOCALE,RF-UML-ACT-A11Y-01,ZOOM,RF-UML-UC-CAND-01;RF-UML-CD-DOM-01,,,ACCEPTED,NOT_VERIFIED
A11Y-P0-05,product,RC-ACCESSIBILITY-LOCALE,RF-UML-ACT-A11Y-01,LOCALE,RF-UML-UC-CAND-01;RF-UML-CD-DOM-01,,,ACCEPTED,NOT_VERIFIED
A11Y-P0-06,product,RC-ACCESSIBILITY-LOCALE,RF-UML-ACT-A11Y-01,UNICODE,RF-UML-UC-CAND-01;RF-UML-CD-DOM-01,,,ACCEPTED,NOT_VERIFIED
EXIT-P0-01,product,RC-DATA-LIFECYCLE,RF-UML-ACT-CAMEND-01,CAMPAIGN_END,RF-UML-SM-CAM-01;RF-UML-ACT-DATA-01,,GOLD-18,ACCEPTED,NOT_VERIFIED
EXIT-P0-02,product,RC-DATA-LIFECYCLE,RF-UML-ACT-CAMARCH-01,ARCHIVE_NEW_CYCLE,RF-UML-SM-CAM-01;RF-UML-SM-POLVER-01;RF-UML-CD-AUTH-01,,,ACCEPTED,NOT_VERIFIED
EXIT-P0-03,product,RC-DATA-LIFECYCLE,RF-UML-ACT-CAMARCH-01,ARCHIVE_NEW_CYCLE,RF-UML-SM-CAM-01;RF-UML-CD-DOM-01;RF-UML-CD-EVD-01;RF-UML-SM-POLVER-01,,,ACCEPTED,NOT_VERIFIED
EXIT-P0-04,product,RC-DATA-LIFECYCLE,RF-UML-ACT-DELETE-01,EXTERNAL_RESIDUAL,RF-UML-SEQ-DATA-01;RF-UML-SM-DAT-01,,,ACCEPTED,NOT_VERIFIED
EXIT-P0-05,product,RC-DATA-LIFECYCLE,RF-UML-SEQ-DATA-01,WORKSPACE_DELETE_COMPLETE,RF-UML-ACT-DELETE-01;RF-UML-SM-DAT-01;RF-UML-CD-AUTH-01;RF-UML-CMP-TARGET-01;RF-UML-SEC-CRED-01;RF-UML-SEQ-KILL-01,INV-02;INV-04;INV-05;INV-12,,ACCEPTED,NOT_VERIFIED
EXIT-P0-06,product,RC-DATA-LIFECYCLE,RF-UML-ACT-EXPORT-01,EXPORT_NO_SECRET,RF-UML-SEQ-DATA-01;RF-UML-SEC-CRED-01,,,ACCEPTED,NOT_VERIFIED
EXIT-P0-07,product,RC-WITHDRAWAL,RF-UML-ACT-WITHDRAW-01,WITHDRAW_NEW_PLAN,RF-UML-SEQ-WITHDRAW-01;RF-UML-SM-PLN-01;RF-UML-SM-APP-01;RF-UML-REL-MUT-01,INV-02;INV-04;INV-05,,ACCEPTED,NOT_VERIFIED
AUTH-001,security,RC-AUTHORIZATION,RF-UML-SEC-BOUNDARY-01,AUTH_WORKSPACE_BINDING,RF-UML-CMP-TARGET-01;RF-UML-CD-DOM-01;RF-UML-CD-AUTH-01,INV-02,,ACCEPTED,NOT_VERIFIED
AUTH-002,security,RC-AUTHORIZATION,RF-UML-SEC-CRED-01,AUTH_TOKEN_VALIDATION,RF-UML-DEP-LOCAL-01;RF-UML-CD-AUTH-01;RF-UML-SEQ-APPLY-01,INV-02,,ACCEPTED,NOT_VERIFIED
AUTH-003,security,RC-AUTHORIZATION,RF-UML-SEQ-AUTH-TIME-01,AUTH_STRICT_TIME_INTERVAL,RF-UML-SM-PLN-01;RF-UML-CD-AUTH-01;RF-UML-ACT-AUTH-01;RF-UML-REL-MUT-01,,,ACCEPTED,NOT_VERIFIED
AUTH-004,security,RC-AUTHORIZATION,RF-UML-SM-POLVER-01,QUEUED_POLICY_RECHECK,RF-UML-CD-AUTH-01;RF-UML-SEQ-KILL-01,INV-03,,ACCEPTED,NOT_VERIFIED
AUTH-005,security,RC-AUTHORIZATION,RF-UML-CD-AUTH-01,AUTH_PAYLOAD_REBIND,RF-UML-SM-PLN-01;RF-UML-ACT-AUTH-01;RF-UML-REL-MUT-01,INV-03,,ACCEPTED,NOT_VERIFIED
AUTH-006,security,RC-AUTHORIZATION,RF-UML-SEC-CRED-01,AUTH_ACTION_BINDING,RF-UML-DEP-LOCAL-01;RF-UML-CD-AUTH-01;RF-UML-SEQ-APPLY-01,INV-03,,ACCEPTED,NOT_VERIFIED
AUTH-007,security,RC-AUTHORIZATION,RF-UML-UC-AUTH-01,ACTION_SCOPE,RF-UML-CD-AUTH-01;RF-UML-ACT-AUTH-01,INV-06,,ACCEPTED,NOT_VERIFIED
AUTH-008,security,RC-AUTHORIZATION,RF-UML-SM-POL-01,AUTOMATION_CONTROL,RF-UML-UC-AUTH-01;RF-UML-ACT-CAL-01,,,ACCEPTED,NOT_VERIFIED
AUTH-009,security,RC-AUTHORIZATION,RF-UML-CD-AUTH-01,AUTH_L3_SCOPE_EVALUATION,RF-UML-SM-PLN-01;RF-UML-ACT-AUTH-01;RF-UML-REL-MUT-01,,,ACCEPTED,NOT_VERIFIED
AUTH-010,security,RC-AUTHORIZATION,RF-UML-UC-AUTH-01,IRREVERSIBLE_BOUNDARY,RF-UML-CD-AUTH-01;RF-UML-ACT-AUTH-01,INV-10,,ACCEPTED,NOT_VERIFIED
AUTH-011,security,RC-AUTHORIZATION,RF-UML-SEQ-KILL-01,PAUSE_SCOPE_ENFORCED,RF-UML-SM-POL-01;RF-UML-SM-OPR-01,INV-03;INV-04,,ACCEPTED,NOT_VERIFIED
AUTH-012,security,RC-QUEUE-CONCURRENCY,RF-UML-SEQ-CONC-01,DUPLICATE_AND_QUOTA_ATOMICITY,RF-UML-SM-OPR-01;RF-UML-REL-MUT-01;RF-UML-CD-AUTH-01,INV-05,,ACCEPTED,NOT_VERIFIED
INJ-001,security,RC-UNTRUSTED-CONTENT,RF-UML-SEQ-SEC-01,UNTRUSTED_CONTENT_QUARANTINE,RF-UML-SEC-BOUNDARY-01;RF-UML-CMP-EXT-01,INV-11,,ACCEPTED,NOT_VERIFIED
INJ-002,security,RC-UNTRUSTED-CONTENT,RF-UML-SEQ-SEC-01,EXTERNAL_IDENTITY_NO_AUTHORITY,RF-UML-SEC-BOUNDARY-01;RF-UML-CMP-EXT-01,INV-11,,ACCEPTED,NOT_VERIFIED
INJ-003,security,RC-UNTRUSTED-CONTENT,RF-UML-SEQ-SEC-01,INJECTION_BOUNDED_DECODE,RF-UML-SEC-BOUNDARY-01;RF-UML-CMP-EXT-01,,,ACCEPTED,NOT_VERIFIED
INJ-004,security,RC-UNTRUSTED-CONTENT,RF-UML-SEQ-SEC-01,ATTACHMENT_STRUCTURED_ALLOWLIST,RF-UML-SEC-BOUNDARY-01;RF-UML-CMP-EXT-01,INV-11,,ACCEPTED,NOT_VERIFIED
INJ-005,security,RC-UNTRUSTED-CONTENT,RF-UML-SEQ-SEC-01,UNTRUSTED_CONTENT_QUARANTINE,RF-UML-SEC-BOUNDARY-01;RF-UML-CMP-EXT-01,,,ACCEPTED,NOT_VERIFIED
INJ-006,security,RC-UNTRUSTED-CONTENT,RF-UML-SEQ-SEC-01,OUTBOUND_SECRET_CANARY_GUARD,RF-UML-SEC-BOUNDARY-01;RF-UML-CMP-EXT-01,INV-11,,ACCEPTED,NOT_VERIFIED
INJ-007,security,RC-UNTRUSTED-CONTENT,RF-UML-SEC-BOUNDARY-01,AI_CONTEXT_ISOLATION,RF-UML-CMP-TARGET-01;RF-UML-CD-DOM-01,INV-11,,ACCEPTED,NOT_VERIFIED
INJ-008,security,RC-UNTRUSTED-CONTENT,RF-UML-SEQ-PLG-01,AI_DRAFT_AUTHORITY_GUARD,RF-UML-CMP-EXT-01;RF-UML-CD-EXT-01,INV-11,,ACCEPTED,NOT_VERIFIED
DATA-001,security,RC-PRIVACY-DATA,RF-UML-SEC-BOUNDARY-01,DATA_WORKSPACE_SCOPE,RF-UML-CMP-TARGET-01;RF-UML-CD-DOM-01,,,ACCEPTED,NOT_VERIFIED
DATA-002,security,RC-SUPPLY-CHAIN-SECRET-LEAK,RF-UML-SEC-SUPPLY-01,DATA_002_PRECOMMIT_SECRET_RESPONSE,RF-UML-SEQ-PLG-01;RF-UML-UC-OSS-01;RF-UML-ACT-REL-01,,,ACCEPTED,NOT_VERIFIED
DATA-003,security,RC-PRIVACY-DATA,RF-UML-SEC-BOUNDARY-01,DATA_MINIMIZATION,RF-UML-CMP-TARGET-01;RF-UML-CD-DOM-01,,,ACCEPTED,NOT_VERIFIED
DATA-004,security,RC-PRIVACY-DATA,RF-UML-ACT-MAT-01,LOCAL_ONLY_ZERO_DISCLOSURE,RF-UML-SM-EVD-01;RF-UML-CD-EVD-01,INV-01,,ACCEPTED,NOT_VERIFIED
DATA-005,security,RC-PRIVACY-DATA,RF-UML-SEQ-DATA-01,TEMP_ARTIFACT_FULL_TASK_LIFECYCLE,RF-UML-ACT-ONB-01;RF-UML-SM-DAT-01,,,ACCEPTED,NOT_VERIFIED
DATA-006,security,RC-PRIVACY-DATA,RF-UML-SEQ-DATA-01,CREDENTIAL_REVOCATION_PROTOCOL,RF-UML-ACT-DELETE-01;RF-UML-SM-DAT-01;RF-UML-CD-AUTH-01;RF-UML-CMP-TARGET-01;RF-UML-SEC-CRED-01,INV-02;INV-04;INV-05;INV-12,,ACCEPTED,NOT_VERIFIED
DATA-007,security,RC-PRIVACY-DATA,RF-UML-ACT-EXPORT-01,EXPORT_NO_SECRET,RF-UML-SEQ-DATA-01;RF-UML-SEC-CRED-01,,,ACCEPTED,NOT_VERIFIED
DATA-008,security,RC-PRIVACY-DATA,RF-UML-ACT-DELETE-01,RETENTION_SCHEDULE,RF-UML-SEQ-DATA-01;RF-UML-SM-DAT-01,,,ACCEPTED,NOT_VERIFIED
DATA-009,security,RC-OBSERVABILITY,RF-UML-SEQ-OBS-01,OBSERVABILITY_REDACTION,RF-UML-CMP-TARGET-01;RF-UML-SEC-BOUNDARY-01;RF-UML-SEC-CRED-01,,,ACCEPTED,NOT_VERIFIED
DATA-010,security,RC-PRIVACY-DATA,RF-UML-SEQ-ONB-01,CONNECTOR_CONSENT,RF-UML-SEC-BOUNDARY-01,,,ACCEPTED,NOT_VERIFIED
CRED-001,security,RC-CREDENTIALS,RF-UML-SEC-CRED-01,CREDENTIAL_ISOLATION,RF-UML-DEP-LOCAL-01;RF-UML-CD-AUTH-01,,,ACCEPTED,NOT_VERIFIED
CRED-002,security,RC-CREDENTIALS,RF-UML-SEC-CRED-01,CLIENT_SECRET_ZERO,RF-UML-DEP-LOCAL-01;RF-UML-CD-AUTH-01,,,ACCEPTED,NOT_VERIFIED
CRED-003,security,RC-CREDENTIALS,RF-UML-SEQ-ONB-01,CONNECTOR_CONSENT,,,,ACCEPTED,NOT_VERIFIED
CRED-004,security,RC-CREDENTIALS,RF-UML-SM-RUN-01,AUTH_REQUIRED,RF-UML-SEQ-OFF-01;RF-UML-CMP-TARGET-01,INV-08,,ACCEPTED,NOT_VERIFIED
CRED-005,security,RC-CREDENTIALS,RF-UML-CMP-EXT-01,EXTENSION_SANDBOX,RF-UML-CD-EXT-01;RF-UML-SEC-BOUNDARY-01,,,ACCEPTED,NOT_VERIFIED
CRED-006,security,RC-CREDENTIALS,RF-UML-SEC-CRED-01,IPC_PEER_BINDING,RF-UML-DEP-LOCAL-01;RF-UML-CD-AUTH-01,,,ACCEPTED,NOT_VERIFIED
CRED-007,security,RC-CREDENTIALS,RF-UML-SEC-EXT-01,CONNECTOR_TARGET_ALLOWLIST,RF-UML-SEQ-SEC-01;RF-UML-SEC-BOUNDARY-01;RF-UML-CMP-EXT-01,,,ACCEPTED,NOT_VERIFIED
CRED-008,security,RC-CREDENTIALS,RF-UML-SEQ-DR-01,ENV_SECRET_STARTUP_PREFLIGHT,RF-UML-SM-DAT-01;RF-UML-DEP-LOCAL-01,INV-09,,ACCEPTED,NOT_VERIFIED
COMP-001,security,RC-PLATFORM-COMPLIANCE,RF-UML-SEQ-PLG-01,MANIFEST_COMPLIANCE_EVIDENCE_GATE,RF-UML-CMP-EXT-01;RF-UML-CD-EXT-01,,,ACCEPTED,NOT_VERIFIED
COMP-002,security,RC-PLATFORM-COMPLIANCE,RF-UML-SEQ-PLG-01,PLUGIN_TRUST_CHANGE_INVALIDATION,RF-UML-CMP-EXT-01;RF-UML-CD-EXT-01,INV-03,,ACCEPTED,NOT_VERIFIED
COMP-003,security,RC-PLATFORM-COMPLIANCE,RF-UML-UC-EXT-01,UNSUPPORTED_HONEST_DEGRADATION,RF-UML-CMP-EXT-01;RF-UML-SEC-BOUNDARY-01,,,ACCEPTED,NOT_VERIFIED
COMP-004,security,RC-PLATFORM-COMPLIANCE,RF-UML-SEQ-SEC-01,CHALLENGE_DATA_AI_DENY,RF-UML-SEC-BOUNDARY-01;RF-UML-CMP-EXT-01,INV-10,,ACCEPTED,NOT_VERIFIED
COMP-005,security,RC-PLATFORM-COMPLIANCE,RF-UML-ACT-AUTH-01,POST_CHALLENGE_REPLAN,RF-UML-SEQ-SEC-01;RF-UML-SEC-BOUNDARY-01;RF-UML-CMP-EXT-01;RF-UML-SM-PLN-01;RF-UML-SM-RUN-01,,,ACCEPTED,NOT_VERIFIED
COMP-006,security,RC-PLATFORM-COMPLIANCE,RF-UML-UC-AUTH-01,IRREVERSIBLE_BOUNDARY,RF-UML-CD-AUTH-01;RF-UML-ACT-AUTH-01,,,ACCEPTED,NOT_VERIFIED
COMP-007,security,RC-PLATFORM-COMPLIANCE,RF-UML-SEQ-SEC-01,RATE_LIMIT_COOPERATIVE_BACKOFF,RF-UML-SM-RUN-01;RF-UML-SEQ-OFF-01;RF-UML-CMP-TARGET-01;RF-UML-SEQ-CONC-01,,,ACCEPTED,NOT_VERIFIED
COMP-008,security,RC-PLATFORM-COMPLIANCE,RF-UML-SM-RUN-01,ACCOUNT_POLICY_BLOCKED,RF-UML-SEQ-OFF-01;RF-UML-CMP-TARGET-01;RF-UML-SEQ-KILL-01,INV-08,,ACCEPTED,NOT_VERIFIED
COMP-009,security,RC-PLATFORM-COMPLIANCE,RF-UML-SEQ-SEC-01,JURISDICTION_ELIGIBILITY_DISCLOSURE,RF-UML-UC-EXT-01;RF-UML-CMP-EXT-01;RF-UML-SEC-BOUNDARY-01,,,ACCEPTED,NOT_VERIFIED
SCAM-001,security,RC-RECRUITMENT-SCAM,RF-UML-SEQ-SEC-01,SCAM_PAYMENT_REQUEST,RF-UML-SEC-BOUNDARY-01;RF-UML-CMP-EXT-01,,,ACCEPTED,NOT_VERIFIED
SCAM-002,security,RC-RECRUITMENT-SCAM,RF-UML-SEQ-SEC-01,SCAM_EARLY_SENSITIVE_DATA,RF-UML-SEC-BOUNDARY-01;RF-UML-CMP-EXT-01,,,ACCEPTED,NOT_VERIFIED
SCAM-003,security,RC-RECRUITMENT-SCAM,RF-UML-SEQ-SEC-01,SCAM_IDENTITY_MISMATCH,RF-UML-SEC-BOUNDARY-01;RF-UML-CMP-EXT-01,,,ACCEPTED,NOT_VERIFIED
SCAM-004,security,RC-RECRUITMENT-SCAM,RF-UML-SEQ-SEC-01,SCAM_ILLEGAL_ACTIVITY,RF-UML-SEC-BOUNDARY-01;RF-UML-CMP-EXT-01,,,ACCEPTED,NOT_VERIFIED
SCAM-005,security,RC-RECRUITMENT-SCAM,RF-UML-SEQ-SEC-01,SCAM_DANGEROUS_ATTACHMENT,RF-UML-SEC-BOUNDARY-01;RF-UML-CMP-EXT-01;RF-UML-SEC-EXT-01,,,ACCEPTED,NOT_VERIFIED
SCAM-006,security,RC-RECRUITMENT-SCAM,RF-UML-SEQ-SEC-01,SCAM_MULTI_SIGNAL_AGGREGATION,RF-UML-SEC-BOUNDARY-01;RF-UML-CMP-EXT-01,,,ACCEPTED,NOT_VERIFIED
EXEC-001,security,RC-EXECUTION-SAFETY,RF-UML-SEQ-OPR-02,OUTCOME_UNKNOWN_RECONCILE,RF-UML-SM-OPR-01;RF-UML-REL-MUT-01,INV-04,,ACCEPTED,NOT_VERIFIED
EXEC-002,security,RC-EXECUTION-SAFETY,RF-UML-SEQ-OPR-02,OUTCOME_UNKNOWN_RECONCILE,RF-UML-SM-OPR-01;RF-UML-REL-MUT-01,INV-05,,ACCEPTED,NOT_VERIFIED
EXEC-003,security,RC-JOB-PIPELINE,RF-UML-SEQ-APPLY-01,EXECUTION_RECHECK,RF-UML-CD-JOB-01;RF-UML-SM-JOB-01;RF-UML-SM-PLN-01,INV-03,,ACCEPTED,NOT_VERIFIED
EXEC-004,security,RC-APPLICATION-FORM,RF-UML-SEQ-APPLY-01,REQUIRED_FIELD_RECHECK,RF-UML-ACT-MAT-01;RF-UML-CD-EVD-01;RF-UML-ACT-EXC-01;RF-UML-SM-EXC-01,,,ACCEPTED,NOT_VERIFIED
EXEC-005,security,RC-EVIDENCE,RF-UML-ACT-MAT-01,MATERIAL_EVIDENCE_GATE,RF-UML-CD-EVD-01;RF-UML-SM-MAT-01,INV-01,,ACCEPTED,NOT_VERIFIED
EXEC-006,security,RC-POLICY-AUTH,RF-UML-SEQ-APPLY-01,EXECUTION_RECHECK,RF-UML-CD-AUTH-01;RF-UML-SM-PLN-01;RF-UML-ACT-AUTH-01;RF-UML-ACT-MAT-01;RF-UML-REL-MUT-01,INV-03,,ACCEPTED,NOT_VERIFIED
EXEC-007,security,RC-HISTORY-DEDUP,RF-UML-SEQ-IMPORT-01,IMPORT_DEDUP_RECONCILE,RF-UML-ACT-IMPORT-01;RF-UML-CD-JOB-01,INV-05,,ACCEPTED,NOT_VERIFIED
EXEC-008,security,RC-MESSAGING,RF-UML-SEQ-MSG-01,MESSAGE_DUPLICATE_STALE_NOOP,RF-UML-SM-MSG-01;RF-UML-ACT-MSG-01,,,ACCEPTED,NOT_VERIFIED
EXEC-009,security,RC-FOLLOWUP,RF-UML-SEQ-FUP-01,FOLLOWUP_ONCE,RF-UML-ACT-FUP-01;RF-UML-SM-MSG-01,,,ACCEPTED,NOT_VERIFIED
EXEC-010,security,RC-MESSAGING-EXCEPTION,RF-UML-ACT-MSG-01,RISK_EXCEPTION,RF-UML-SEQ-MSG-01;RF-UML-SM-MSG-01;RF-UML-CD-COM-01,INV-10,,ACCEPTED,NOT_VERIFIED
EXEC-011,security,RC-INTERVIEW,RF-UML-ACT-INT-01,EXACT,RF-UML-SEQ-MSG-01,,,ACCEPTED,NOT_VERIFIED
EXEC-012,security,RC-INTERVIEW,RF-UML-SEQ-INT-01,INTERVIEW_READINESS,RF-UML-ACT-INT-01;RF-UML-SM-INT-01;RF-UML-SM-SAGA-01;RF-UML-REL-SAGA-01,INV-07,,ACCEPTED,NOT_VERIFIED
EXEC-013,security,RC-INTERVIEW,RF-UML-SEQ-INT-02,INTERVIEW_PARTIAL_COMPENSATE,RF-UML-SM-INT-01;RF-UML-SM-SAGA-01;RF-UML-REL-SAGA-01,INV-07,,ACCEPTED,NOT_VERIFIED
EXEC-014,security,RC-QUEUE-CONCURRENCY,RF-UML-SEQ-CONC-01,ATOMIC_SLOT_RESERVATION,RF-UML-SM-OPR-01;RF-UML-SM-SAGA-01;RF-UML-REL-MUT-01;RF-UML-REL-SAGA-01,INV-05,,ACCEPTED,NOT_VERIFIED
EXEC-015,security,RC-INTERVIEW-CHANGE,RF-UML-SEQ-INT-CHANGE-01,INTERVIEW_CHANGE_DETECTED,RF-UML-SM-INT-01;RF-UML-CD-COM-01,,,ACCEPTED,NOT_VERIFIED
AUD-001,security,RC-AUDIT,RF-UML-ACT-AUTH-01,ACTION_AUTHORIZATION,RF-UML-SEQ-OPR-01;RF-UML-SM-OPR-01;RF-UML-REL-MUT-01,INV-12,,ACCEPTED,NOT_VERIFIED
AUD-002,security,RC-AUDIT,RF-UML-SEQ-OBS-01,AUDIT_COMPLETENESS_GATE,RF-UML-CMP-TARGET-01;RF-UML-SEC-BOUNDARY-01;RF-UML-ACT-AUTH-01,,,ACCEPTED,NOT_VERIFIED
AUD-003,security,RC-AUDIT,RF-UML-SEQ-OBS-01,AUDIT_TAMPER_FREEZE,RF-UML-CMP-TARGET-01;RF-UML-SEC-BOUNDARY-01,,,ACCEPTED,NOT_VERIFIED
AUD-004,security,RC-AUDIT,RF-UML-SEQ-OBS-01,AUDIT_APPEND_CORRECTION,RF-UML-CMP-TARGET-01;RF-UML-SEC-BOUNDARY-01,,,ACCEPTED,NOT_VERIFIED
AUD-005,security,RC-AUDIT,RF-UML-SEQ-DATA-01,DATA_RETENTION_RESULT_MANIFEST,RF-UML-ACT-DELETE-01;RF-UML-ACT-EXPORT-01,,,ACCEPTED,NOT_VERIFIED
SUP-001,security,RC-PLUGIN-SUPPLY-CHAIN,RF-UML-CD-EXT-01,CONNECTOR_CONTRACT,RF-UML-CMP-EXT-01;RF-UML-SEQ-PLG-01,,,ACCEPTED,NOT_VERIFIED
SUP-002,security,RC-PLUGIN-SUPPLY-CHAIN,RF-UML-SEQ-PLG-01,PLUGIN_TRUST_CHANGE_INVALIDATION,RF-UML-CMP-EXT-01;RF-UML-CD-EXT-01,INV-03,,ACCEPTED,NOT_VERIFIED
SUP-003,security,RC-PLUGIN-SUPPLY-CHAIN,RF-UML-CMP-EXT-01,EXTENSION_SANDBOX,RF-UML-CD-EXT-01;RF-UML-SEC-BOUNDARY-01,,,ACCEPTED,NOT_VERIFIED
SUP-004,security,RC-PLUGIN-SUPPLY-CHAIN,RF-UML-SEQ-PLG-01,AI_PROVIDER_IDENTITY_GUARD,RF-UML-CMP-EXT-01;RF-UML-CD-EXT-01,,,ACCEPTED,NOT_VERIFIED
SUP-005,security,RC-PLUGIN-SUPPLY-CHAIN,RF-UML-SEC-SUPPLY-01,SUP_005_CI_LEAST_PRIVILEGE,RF-UML-SEQ-PLG-01;RF-UML-UC-OSS-01;RF-UML-ACT-REL-01,,,ACCEPTED,NOT_VERIFIED
NOTIF-001,security,RC-RUNTIME-RECOVERY,RF-UML-SM-RUN-01,RUNTIME_HEALTH,RF-UML-SEQ-OFF-01;RF-UML-CMP-TARGET-01,,,ACCEPTED,NOT_VERIFIED
NOTIF-002,security,RC-NOTIFICATION,RF-UML-SEQ-NOT-01,NOTIFICATION_FALLBACK,RF-UML-SM-NOT-01;RF-UML-CD-COM-01,,,ACCEPTED,NOT_VERIFIED
NOTIF-003,security,RC-NOTIFICATION,RF-UML-SEQ-NOT-01,ALERT_AGGREGATION_QUIET_HOURS,RF-UML-SM-NOT-01;RF-UML-CD-COM-01,,,ACCEPTED,NOT_VERIFIED
NOTIF-004,security,RC-NOTIFICATION,RF-UML-ACT-EXC-01,EXCEPTION_EXPIRY_SAFE_CLOSE,RF-UML-SM-EXC-01;RF-UML-SM-PLN-01;RF-UML-SEQ-NOT-01,,,ACCEPTED,NOT_VERIFIED
INST-001,technical,RC-INSTALL-MIGRATION,RF-UML-ACT-REL-01,PREFLIGHT,,,,ACCEPTED,NOT_VERIFIED
INST-002,technical,RC-INSTALL-MIGRATION,RF-UML-REL-BOOT-01,INST_002_INIT_MIGRATION_LOCK,RF-UML-ACT-REL-01;RF-UML-SEQ-MIG-01;RF-UML-SEQ-CONC-01,,,ACCEPTED,NOT_VERIFIED
INST-003,technical,RC-INSTALL-MIGRATION,RF-UML-SEQ-MIG-01,MIGRATION_DATA_PRESERVATION,RF-UML-ACT-REL-01;RF-UML-DEP-LOCAL-01,,,ACCEPTED,NOT_VERIFIED
INST-004,technical,RC-INSTALL-MIGRATION,RF-UML-SEQ-MIG-01,MIGRATION_RESTART_DETERMINISM,RF-UML-ACT-REL-01;RF-UML-DEP-LOCAL-01,,,ACCEPTED,NOT_VERIFIED
INST-005,technical,RC-INSTALL-MIGRATION,RF-UML-SEQ-MIG-01,MIGRATION_CHECKSUM_ZERO_MUTATION,RF-UML-ACT-REL-01;RF-UML-DEP-LOCAL-01,,,ACCEPTED,NOT_VERIFIED
INST-006,technical,RC-INSTALL-MIGRATION,RF-UML-SEQ-MIG-01,FUTURE_SCHEMA_READ_ONLY_REJECTION,RF-UML-ACT-REL-01;RF-UML-DEP-LOCAL-01,,,ACCEPTED,NOT_VERIFIED
INST-007,technical,RC-INSTALL-MIGRATION,RF-UML-SEQ-MIG-01,MIGRATION_DRAIN_FENCE,RF-UML-ACT-REL-01;RF-UML-DEP-LOCAL-01;RF-UML-SM-OPR-01,,,ACCEPTED,NOT_VERIFIED
INST-008,technical,RC-INSTALL-MIGRATION,RF-UML-SEQ-MIG-01,POLICY_CONFIG_SUBSET_MIGRATION,RF-UML-SM-POLVER-01;RF-UML-CD-AUTH-01;RF-UML-SEQ-KILL-01,INV-03,,ACCEPTED,NOT_VERIFIED
INST-009,technical,RC-INSTALL-MIGRATION,RF-UML-SEQ-PLG-01,PLUGIN_EXACT_VERSION_BINDING,RF-UML-CMP-EXT-01;RF-UML-CD-EXT-01;RF-UML-CD-AUTH-01,INV-03,,ACCEPTED,NOT_VERIFIED
INST-010,technical,RC-INSTALL-MIGRATION,RF-UML-SEC-KEY-01,INST_010_KEY_ROTATION_RECOVERY,RF-UML-SEC-CRED-01;RF-UML-DEP-LOCAL-01;RF-UML-CD-AUTH-01;RF-UML-SEQ-DR-01,,,ACCEPTED,NOT_VERIFIED
QUE-001,technical,RC-QUEUE-CONCURRENCY,RF-UML-SEQ-CONC-01,MULTI_PRODUCER_SOURCE_PLAN_ADMISSION_DEDUP,RF-UML-SM-OPR-01;RF-UML-REL-MUT-01,INV-05,,ACCEPTED,NOT_VERIFIED
QUE-002,technical,RC-QUEUE-CONCURRENCY,RF-UML-SEQ-OPR-02,QUEUED_UNCLAIMED_RECOVERY,RF-UML-SM-OPR-01;RF-UML-REL-MUT-01,,,ACCEPTED,NOT_VERIFIED
QUE-003,technical,RC-QUEUE-CONCURRENCY,RF-UML-SEQ-OPR-02,LEASE_RECLAIM_REVALIDATE,RF-UML-SM-OPR-01;RF-UML-REL-MUT-01,,,ACCEPTED,NOT_VERIFIED
QUE-004,technical,RC-QUEUE-CONCURRENCY,RF-UML-SEQ-OPR-02,F1_REUSE_OPERATION,RF-UML-SM-OPR-01;RF-UML-REL-MUT-01,,,ACCEPTED,NOT_VERIFIED
QUE-005,technical,RC-QUEUE-CONCURRENCY,RF-UML-SEQ-OPR-02,OUTCOME_UNKNOWN_RECONCILE,RF-UML-SM-OPR-01;RF-UML-REL-MUT-01,INV-04,,ACCEPTED,NOT_VERIFIED
QUE-006,technical,RC-QUEUE-CONCURRENCY,RF-UML-SEQ-OPR-02,OUTCOME_UNKNOWN_RECONCILE,RF-UML-SM-OPR-01;RF-UML-REL-MUT-01,INV-05,,ACCEPTED,NOT_VERIFIED
QUE-007,technical,RC-QUEUE-CONCURRENCY,RF-UML-SEQ-OPR-02,OUTCOME_UNKNOWN_RECONCILE,RF-UML-SM-OPR-01;RF-UML-REL-MUT-01,INV-05,,ACCEPTED,NOT_VERIFIED
QUE-008,technical,RC-QUEUE-CONCURRENCY,RF-UML-SEQ-OPR-02,F5_TERMINAL_REDELIVERY_ACK,RF-UML-SM-OPR-01;RF-UML-REL-MUT-01,INV-05,,ACCEPTED,NOT_VERIFIED
QUE-009,technical,RC-QUEUE-CONCURRENCY,RF-UML-SEQ-CONC-01,DUPLICATE_LEASE_COLLAPSE,RF-UML-SM-OPR-01;RF-UML-REL-MUT-01,INV-05,,ACCEPTED,NOT_VERIFIED
QUE-010,technical,RC-QUEUE-CONCURRENCY,RF-UML-SEQ-CONC-01,FENCING_REJECTS_STALE,RF-UML-SM-OPR-01;RF-UML-REL-MUT-01,INV-05,,ACCEPTED,NOT_VERIFIED
QUE-011,technical,RC-QUEUE-CONCURRENCY,RF-UML-SEQ-CONC-01,DUPLICATE_LEASE_COLLAPSE,RF-UML-SM-OPR-01;RF-UML-REL-MUT-01,INV-05,,ACCEPTED,NOT_VERIFIED
QUE-012,technical,RC-QUEUE-CONCURRENCY,RF-UML-SEQ-CONC-01,ATOMIC_QUOTA_RESERVATION,RF-UML-SM-OPR-01;RF-UML-REL-MUT-01;RF-UML-CD-AUTH-01,,,ACCEPTED,NOT_VERIFIED
QUE-013,technical,RC-QUEUE-CONCURRENCY,RF-UML-REL-MUT-01,QUE_013_APPLICATION_ACTION_CAS,RF-UML-SEQ-CONC-01;RF-UML-SM-OPR-01;RF-UML-SM-APP-01,,,ACCEPTED,NOT_VERIFIED
QUE-014,technical,RC-QUEUE-CONCURRENCY,RF-UML-SEQ-APPLY-01,EXECUTION_RECHECK,RF-UML-SEQ-KILL-01;RF-UML-SM-POL-01;RF-UML-SM-PLN-01;RF-UML-SM-OPR-01,INV-03,,ACCEPTED,NOT_VERIFIED
QUE-015,technical,RC-QUEUE-CONCURRENCY,RF-UML-SEQ-KILL-01,PAUSE_SCOPE_ENFORCED,RF-UML-SM-POL-01;RF-UML-SM-OPR-01,,,ACCEPTED,NOT_VERIFIED
QUE-016,technical,RC-QUEUE-CONCURRENCY,RF-UML-SEQ-KILL-01,PAUSE_SCOPE_ENFORCED,RF-UML-SM-POL-01;RF-UML-SM-OPR-01,INV-04,,ACCEPTED,NOT_VERIFIED
QUE-017,technical,RC-AUTHORIZATION,RF-UML-SEC-CRED-01,TOKEN_SINGLE_USE_REPLAY,RF-UML-DEP-LOCAL-01;RF-UML-CD-AUTH-01,,,ACCEPTED,NOT_VERIFIED
QUE-018,technical,RC-RESOURCE-FAILURE,RF-UML-SEQ-RES-01,QUEUE_LEDGER_INDEX_INTEGRITY_FREEZE,RF-UML-SM-OPR-01;RF-UML-SM-RUN-01,,,ACCEPTED,NOT_VERIFIED
QUE-019,technical,RC-QUEUE-CONCURRENCY,RF-UML-SEQ-CONC-01,FENCING_REJECTS_STALE,RF-UML-SM-OPR-01;RF-UML-REL-MUT-01,,,ACCEPTED,NOT_VERIFIED
QUE-020,technical,RC-EXECUTION-SAFETY,RF-UML-SEQ-OPR-02,DLQ_OPERATOR_REQUEUE_GUARD,RF-UML-SM-OPR-01;RF-UML-REL-MUT-01;RF-UML-ACT-EXC-01,,,ACCEPTED,NOT_VERIFIED
EXT-001,technical,RC-EXTERNAL-DEPENDENCY,RF-UML-SEC-EXT-01,EXT_001_REMOTE_IDENTITY_PREFLIGHT,RF-UML-SEC-CRED-01;RF-UML-DEP-LOCAL-01;RF-UML-CD-AUTH-01;RF-UML-CD-EXT-01,,,ACCEPTED,NOT_VERIFIED
EXT-002,technical,RC-EXTERNAL-DEPENDENCY,RF-UML-SEC-EXT-01,EXT_002_REFRESH_SINGLE_FLIGHT,RF-UML-SM-RUN-01;RF-UML-SEC-CRED-01;RF-UML-CD-EXT-01,,,ACCEPTED,NOT_VERIFIED
EXT-003,technical,RC-EXTERNAL-DEPENDENCY,RF-UML-SEQ-OPR-02,OUTCOME_UNKNOWN_RECONCILE,RF-UML-SM-OPR-01;RF-UML-REL-MUT-01,INV-04,,ACCEPTED,NOT_VERIFIED
EXT-004,technical,RC-EXTERNAL-DEPENDENCY,RF-UML-CD-EXT-01,CONNECTOR_CONTRACT,RF-UML-CMP-EXT-01;RF-UML-SEQ-PLG-01,,,ACCEPTED,NOT_VERIFIED
EXT-005,technical,RC-EXTERNAL-DEPENDENCY,RF-UML-SEQ-IMPORT-01,IMPORT_DEDUP_RECONCILE,RF-UML-ACT-IMPORT-01;RF-UML-CD-JOB-01,,,ACCEPTED,NOT_VERIFIED
EXT-006,technical,RC-EXTERNAL-DEPENDENCY,RF-UML-SEC-EXT-01,NETWORK_PEER_PINNING,RF-UML-SEQ-SEC-01;RF-UML-SEC-BOUNDARY-01;RF-UML-CMP-EXT-01,,,ACCEPTED,NOT_VERIFIED
EXT-007,technical,RC-EXTERNAL-DEPENDENCY,RF-UML-SEQ-SEC-01,UNTRUSTED_CONTENT_QUARANTINE,RF-UML-SEC-BOUNDARY-01;RF-UML-CMP-EXT-01,INV-11,,ACCEPTED,NOT_VERIFIED
EXT-008,technical,RC-EXTERNAL-DEPENDENCY,RF-UML-SEQ-SEC-01,EXT_RESPONSE_RESOURCE_BOUNDS,RF-UML-SEC-BOUNDARY-01;RF-UML-CMP-EXT-01,,,ACCEPTED,NOT_VERIFIED
EXT-009,technical,RC-EXTERNAL-DEPENDENCY,RF-UML-SEQ-PLG-01,PLUGIN_PERMISSION_DIFF,RF-UML-CMP-EXT-01;RF-UML-CD-EXT-01,,,ACCEPTED,NOT_VERIFIED
EXT-010,technical,RC-EXTERNAL-DEPENDENCY,RF-UML-SEQ-OBS-01,OBSERVABILITY_REDACTION,RF-UML-CMP-TARGET-01;RF-UML-SEC-BOUNDARY-01,,,ACCEPTED,NOT_VERIFIED
EXT-011,technical,RC-EXTERNAL-DEPENDENCY,RF-UML-SEC-BOUNDARY-01,SHARED_EXTERNAL_ID_NAMESPACE,RF-UML-CMP-TARGET-01;RF-UML-CD-DOM-01,,,ACCEPTED,NOT_VERIFIED
EXT-012,technical,RC-EXTERNAL-DEPENDENCY,RF-UML-SEQ-PLG-01,AI_STRICT_RESPONSE_SCHEMA,RF-UML-CMP-EXT-01;RF-UML-CD-EXT-01,,,ACCEPTED,NOT_VERIFIED
EXT-013,technical,RC-EXTERNAL-DEPENDENCY,RF-UML-ACT-MAT-01,MATERIAL_EVIDENCE_GATE,RF-UML-CD-EVD-01;RF-UML-SM-MAT-01,INV-01,,ACCEPTED,NOT_VERIFIED
EXT-014,technical,RC-EXTERNAL-DEPENDENCY,RF-UML-SEQ-PLG-01,AI_FALLBACK_POLICY_GATE,RF-UML-CMP-EXT-01;RF-UML-CD-EXT-01;RF-UML-SEC-BOUNDARY-01,,,ACCEPTED,NOT_VERIFIED
EXT-015,technical,RC-EXTERNAL-DEPENDENCY,RF-UML-SEC-BOUNDARY-01,TRUST_BOUNDARIES,RF-UML-CMP-TARGET-01;RF-UML-CD-DOM-01,,,ACCEPTED,NOT_VERIFIED
EXT-016,technical,RC-EXTERNAL-DEPENDENCY,RF-UML-SEC-BOUNDARY-01,DATA_MINIMIZATION,RF-UML-CMP-TARGET-01;RF-UML-CD-DOM-01,,,ACCEPTED,NOT_VERIFIED
EXT-017,technical,RC-EXTERNAL-DEPENDENCY,RF-UML-SEC-EXT-01,EXT_017_TLS_REDIRECT_REVALIDATION,RF-UML-SEQ-SEC-01;RF-UML-SEC-BOUNDARY-01;RF-UML-CMP-EXT-01,,,ACCEPTED,NOT_VERIFIED
EXT-018,technical,RC-EXTERNAL-DEPENDENCY,RF-UML-SEQ-MSG-01,MESSAGE_SOURCE_AUTH_PREFLIGHT,RF-UML-SM-MSG-01;RF-UML-ACT-MSG-01;RF-UML-SEQ-SEC-01;RF-UML-SEC-BOUNDARY-01,,,ACCEPTED,NOT_VERIFIED
COM-001,technical,RC-COMMUNICATION-CALENDAR,RF-UML-SEQ-INT-01,INTERVIEW_DUAL_CONNECTOR_GUARD_CHAIN,RF-UML-ACT-INT-01;RF-UML-SM-INT-01;RF-UML-SM-SAGA-01;RF-UML-REL-SAGA-01,,,ACCEPTED,NOT_VERIFIED
COM-002,technical,RC-COMMUNICATION-CALENDAR,RF-UML-SEQ-INT-01,INTERVIEW_CALENDAR_CHILD_RECHECK,RF-UML-ACT-INT-01;RF-UML-SM-INT-01;RF-UML-SM-SAGA-01;RF-UML-REL-SAGA-01,,,ACCEPTED,NOT_VERIFIED
COM-003,technical,RC-COMMUNICATION-CALENDAR,RF-UML-SEQ-INT-01,INTERVIEW_CALENDAR_CHILD_RECHECK,RF-UML-ACT-INT-01;RF-UML-SM-INT-01;RF-UML-SM-SAGA-01;RF-UML-REL-SAGA-01,,,ACCEPTED,NOT_VERIFIED
COM-004,technical,RC-COMMUNICATION-CALENDAR,RF-UML-SEQ-INT-01,INTERVIEW_PROVIDER_CONDITIONAL_CREATE,RF-UML-ACT-INT-01;RF-UML-SM-INT-01;RF-UML-SM-SAGA-01;RF-UML-REL-SAGA-01,,,ACCEPTED,NOT_VERIFIED
COM-005,technical,RC-COMMUNICATION-CALENDAR,RF-UML-ACT-INT-01,FINAL_FREE_BUSY,,,,ACCEPTED,NOT_VERIFIED
COM-006,technical,RC-COMMUNICATION-CALENDAR,RF-UML-ACT-INT-01,FINAL_FREE_BUSY,RF-UML-SEQ-INT-01,,,ACCEPTED,NOT_VERIFIED
COM-007,technical,RC-COMMUNICATION-CALENDAR,RF-UML-SEQ-INT-01,INTERVIEW_CALENDAR_CHILD_RECHECK,RF-UML-ACT-INT-01;RF-UML-SM-INT-01;RF-UML-SM-SAGA-01;RF-UML-REL-SAGA-01,,,ACCEPTED,NOT_VERIFIED
COM-008,technical,RC-COMMUNICATION-CALENDAR,RF-UML-ACT-INT-01,EXACT,,,,ACCEPTED,NOT_VERIFIED
COM-009,technical,RC-COMMUNICATION-CALENDAR,RF-UML-ACT-INT-01,EXACT,,,,ACCEPTED,NOT_VERIFIED
COM-010,technical,RC-COMMUNICATION-CALENDAR,RF-UML-SEQ-OPR-02,OUTCOME_UNKNOWN_RECONCILE,RF-UML-SM-OPR-01;RF-UML-SM-SAGA-01;RF-UML-REL-MUT-01,,,ACCEPTED,NOT_VERIFIED
COM-011,technical,RC-COMMUNICATION-CALENDAR,RF-UML-SEQ-INT-01,CALENDAR_CAPABILITY_BUNDLE_L3_GATE,RF-UML-SEQ-INT-02;RF-UML-SM-INT-01;RF-UML-SM-SAGA-01;RF-UML-REL-SAGA-01,,,ACCEPTED,NOT_VERIFIED
COM-012,technical,RC-COMMUNICATION-CALENDAR,RF-UML-SEQ-INT-02,INTERVIEW_PARTIAL_COMPENSATE,RF-UML-SM-INT-01;RF-UML-SM-SAGA-01;RF-UML-REL-SAGA-01,INV-07,,ACCEPTED,NOT_VERIFIED
COM-013,technical,RC-COMMUNICATION-CALENDAR,RF-UML-SEQ-INT-02,INTERVIEW_PARTIAL_COMPENSATE,RF-UML-SM-INT-01;RF-UML-SM-SAGA-01;RF-UML-REL-SAGA-01,INV-07,,ACCEPTED,NOT_VERIFIED
COM-014,technical,RC-COMMUNICATION-CALENDAR,RF-UML-SEQ-INT-02,INTERVIEW_PARTIAL_COMPENSATE,RF-UML-SM-INT-01;RF-UML-SM-SAGA-01;RF-UML-REL-SAGA-01,,,ACCEPTED,NOT_VERIFIED
COM-015,technical,RC-COMMUNICATION-CALENDAR,RF-UML-SEC-EXT-01,COM_015_CALENDAR_ETAG_CONFLICT,RF-UML-SEQ-INT-CHANGE-01;RF-UML-SM-INT-01;RF-UML-CD-COM-01;RF-UML-REL-MUT-01,,,ACCEPTED,NOT_VERIFIED
COM-016,technical,RC-COMMUNICATION-CALENDAR,RF-UML-SEQ-CONC-01,ATOMIC_SLOT_RESERVATION,RF-UML-SM-OPR-01;RF-UML-SM-SAGA-01;RF-UML-REL-MUT-01;RF-UML-REL-SAGA-01,INV-05,,ACCEPTED,NOT_VERIFIED
COM-017,technical,RC-COMMUNICATION-CALENDAR,RF-UML-SEQ-INT-CHANGE-01,INTERVIEW_CHANGE_DETECTED,RF-UML-SM-INT-01;RF-UML-CD-COM-01,,,ACCEPTED,NOT_VERIFIED
COM-018,technical,RC-MESSAGING,RF-UML-SEQ-MSG-01,MESSAGE_WEBHOOK_POLL_SINGLETON,RF-UML-SM-MSG-01;RF-UML-ACT-MSG-01,,,ACCEPTED,NOT_VERIFIED
COM-019,technical,RC-MESSAGING,RF-UML-SEQ-MSG-01,MESSAGE_CURRENT_REVISION_GATE,RF-UML-SM-MSG-01;RF-UML-ACT-MSG-01,,,ACCEPTED,NOT_VERIFIED
COM-020,technical,RC-MESSAGING,RF-UML-SEQ-MSG-01,APPLICATION_CORRELATION,RF-UML-SM-MSG-01;RF-UML-ACT-MSG-01;RF-UML-SM-EXC-01,,,ACCEPTED,NOT_VERIFIED
COM-021,technical,RC-MESSAGING,RF-UML-SEQ-MSG-01,SENDER_IDENTITY_GUARD,RF-UML-SEQ-SEC-01;RF-UML-SEC-BOUNDARY-01;RF-UML-ACT-MSG-01,,,ACCEPTED,NOT_VERIFIED
COM-022,technical,RC-MESSAGING,RF-UML-SEQ-FUP-01,FOLLOWUP_BOT_LOOP_GUARD,RF-UML-ACT-FUP-01;RF-UML-SM-MSG-01,,,ACCEPTED,NOT_VERIFIED
COM-023,technical,RC-MESSAGING,RF-UML-SEQ-OPR-02,OUTCOME_UNKNOWN_RECONCILE,RF-UML-SM-OPR-01;RF-UML-REL-MUT-01;RF-UML-SEQ-MSG-01,,,ACCEPTED,NOT_VERIFIED
COM-024,technical,RC-MESSAGING,RF-UML-ACT-MSG-01,RISK_EXCEPTION,RF-UML-SEQ-MSG-01;RF-UML-SM-MSG-01;RF-UML-CD-COM-01,INV-10,,ACCEPTED,NOT_VERIFIED
BKP-001,technical,RC-BACKUP-DR,RF-UML-ACT-REL-01,ONLINE_BACKUP,RF-UML-SEQ-DR-01;RF-UML-SM-DAT-01;RF-UML-DEP-LOCAL-01,,,ACCEPTED,NOT_VERIFIED
BKP-002,technical,RC-BACKUP-DR,RF-UML-SEC-CRED-01,EXPORT_SECRET_EXCLUSION,RF-UML-DEP-LOCAL-01;RF-UML-CD-AUTH-01,,,ACCEPTED,NOT_VERIFIED
BKP-003,technical,RC-BACKUP-DR,RF-UML-SEQ-DR-01,RESTORE_EXACT_INVARIANTS,RF-UML-SM-DAT-01;RF-UML-DEP-LOCAL-01,,,ACCEPTED,NOT_VERIFIED
BKP-004,technical,RC-BACKUP-DR,RF-UML-SEQ-MIG-01,BACKUP_SCHEMA_ATOMIC_COMPATIBILITY,RF-UML-ACT-REL-01;RF-UML-DEP-LOCAL-01,,,ACCEPTED,NOT_VERIFIED
BKP-005,technical,RC-BACKUP-DR,RF-UML-SEQ-DR-01,DR_REAUTH_RECONCILE,RF-UML-SM-DAT-01;RF-UML-DEP-LOCAL-01,,,ACCEPTED,NOT_VERIFIED
BKP-006,technical,RC-BACKUP-DR,RF-UML-SEQ-DR-01,DR_REAUTH_RECONCILE,RF-UML-SM-DAT-01;RF-UML-DEP-LOCAL-01,INV-05,,ACCEPTED,NOT_VERIFIED
BKP-007,technical,RC-BACKUP-DR,RF-UML-SEQ-DR-01,DR_REAUTH_RECONCILE,RF-UML-SM-DAT-01;RF-UML-DEP-LOCAL-01,INV-09,,ACCEPTED,NOT_VERIFIED
BKP-008,technical,RC-BACKUP-DR,RF-UML-SEQ-DR-01,RESTORE_LEDGER_LOSS_FREEZE,RF-UML-SM-DAT-01;RF-UML-DEP-LOCAL-01;RF-UML-REL-MUT-01,INV-04,,ACCEPTED,NOT_VERIFIED
BKP-009,technical,RC-BACKUP-DR,RF-UML-ACT-DELETE-01,DELETE_PII_FIRST,RF-UML-SEQ-DATA-01;RF-UML-SM-DAT-01,,,ACCEPTED,NOT_VERIFIED
RES-001,technical,RC-RESOURCE-FAILURE,RF-UML-SEQ-RES-01,PREPARE_STORAGE_FAILURE,RF-UML-SM-OPR-01;RF-UML-SM-RUN-01,INV-12,,ACCEPTED,NOT_VERIFIED
RES-002,technical,RC-RESOURCE-FAILURE,RF-UML-SEQ-RES-01,POST_MUTATION_PERSIST_FAILURE,RF-UML-SM-OPR-01;RF-UML-SM-RUN-01,INV-04,,ACCEPTED,NOT_VERIFIED
RES-003,technical,RC-RESOURCE-FAILURE,RF-UML-SEQ-RES-01,DB_BACKPRESSURE,RF-UML-SM-OPR-01;RF-UML-SM-RUN-01,,,ACCEPTED,NOT_VERIFIED
RES-004,technical,RC-RESOURCE-FAILURE,RF-UML-SEQ-CONC-01,FENCING_REJECTS_STALE,RF-UML-SEQ-RES-01;RF-UML-SM-OPR-01;RF-UML-SM-RUN-01;RF-UML-REL-MUT-01,INV-05,,ACCEPTED,NOT_VERIFIED
RES-005,technical,RC-RESOURCE-FAILURE,RF-UML-SEQ-RES-01,RES_005_CRITICAL_DEPENDENCIES_FAIL_CLOSED,RF-UML-SM-OPR-01;RF-UML-SM-RUN-01,INV-12,,ACCEPTED,NOT_VERIFIED
OBS-001,technical,RC-OBSERVABILITY,RF-UML-SEQ-OBS-01,AUDIT_EXECUTION_ENVELOPE,RF-UML-CMP-TARGET-01;RF-UML-SEC-BOUNDARY-01,INV-12,,ACCEPTED,NOT_VERIFIED
OBS-002,technical,RC-OBSERVABILITY,RF-UML-SEQ-OBS-01,UNKNOWN_STATUS_PROJECTION,RF-UML-CMP-TARGET-01;RF-UML-SEC-BOUNDARY-01;RF-UML-SM-OPR-01;RF-UML-SM-SAGA-01,,,ACCEPTED,NOT_VERIFIED
OBS-003,technical,RC-OBSERVABILITY,RF-UML-SEQ-OBS-01,OBSERVABILITY_REDACTION,RF-UML-CMP-TARGET-01;RF-UML-SEC-BOUNDARY-01,,,ACCEPTED,NOT_VERIFIED
OBS-004,technical,RC-OBSERVABILITY,RF-UML-SEQ-OBS-01,SECURITY_ALERT_DEDUP,RF-UML-CMP-TARGET-01;RF-UML-SEC-BOUNDARY-01,,,ACCEPTED,NOT_VERIFIED
OBS-005,technical,RC-OBSERVABILITY,RF-UML-SEQ-OBS-01,AUDIT_TAMPER_FREEZE,RF-UML-CMP-TARGET-01;RF-UML-SEC-BOUNDARY-01,,,ACCEPTED,NOT_VERIFIED
OBS-006,technical,RC-OBSERVABILITY,RF-UML-SEQ-OBS-01,DIAGNOSTIC_EXPORT_CONSENT,RF-UML-CMP-TARGET-01;RF-UML-SEC-BOUNDARY-01,,,ACCEPTED,NOT_VERIFIED
OSS-001,technical,RC-OSS-DEPLOYMENT,RF-UML-REL-BOOT-01,OSS_001_PROTOCOL_VERSION_GATE,RF-UML-SEQ-MIG-01;RF-UML-ACT-REL-01;RF-UML-DEP-LOCAL-01,,,ACCEPTED,NOT_VERIFIED
OSS-002,technical,RC-OSS-DEPLOYMENT,RF-UML-SEQ-MIG-01,ROLLING_PROTOCOL_COMPATIBILITY,RF-UML-ACT-REL-01;RF-UML-DEP-LOCAL-01,INV-05,,ACCEPTED,NOT_VERIFIED
OSS-003,technical,RC-OSS-DEPLOYMENT,RF-UML-SEQ-PLG-01,OSS_003_PLUGIN_TRUST_AND_RUNTIME_ENFORCEMENT,RF-UML-CMP-EXT-01;RF-UML-CD-EXT-01,,,ACCEPTED,NOT_VERIFIED
OSS-004,technical,RC-OSS-DEPLOYMENT,RF-UML-DEP-LOCAL-01,LOCALHOST_SECURITY,RF-UML-CMP-TARGET-01;RF-UML-SEC-CRED-01;RF-UML-SEC-BOUNDARY-01,,,ACCEPTED,NOT_VERIFIED
OSS-005,technical,RC-OSS-DEPLOYMENT,RF-UML-SEC-BOUNDARY-01,MULTIUSER_FEATURE_GATE,RF-UML-CMP-TARGET-01;RF-UML-CD-DOM-01,,,ACCEPTED,NOT_VERIFIED
OSS-006,technical,RC-OSS-DEPLOYMENT,RF-UML-REL-BOOT-01,OSS_006_POSIX_PERMISSION_GATE,RF-UML-DEP-LOCAL-01;RF-UML-CMP-TARGET-01;RF-UML-SEC-CRED-01,,,ACCEPTED,NOT_VERIFIED
OSS-007,technical,RC-OSS-DEPLOYMENT,RF-UML-SEC-SUPPLY-01,OSS_007_RELEASE_INTEGRITY_GATE,RF-UML-SEQ-PLG-01;RF-UML-CMP-EXT-01;RF-UML-CD-EXT-01;RF-UML-UC-OSS-01,,,ACCEPTED,NOT_VERIFIED
OSS-008,technical,RC-OSS-DEPLOYMENT,RF-UML-SEQ-DR-01,CROSS_PLATFORM_CANONICAL_RESTORE,RF-UML-SM-DAT-01;RF-UML-DEP-LOCAL-01;RF-UML-DEP-HOSTED-01,,,ACCEPTED,NOT_VERIFIED
